Workbook

Sheet MR12-03(004)總結報告
A1: 製程管制（SPC）日常紀錄暨稽核表單
A2: 表單編號：MR12-03(004)A | D2: 版本：A | G2: 製作日期：2026-02-06 | J2: 頁次：1 / 1
A3: 一、基本資訊
A4: 產品/料號：C001玻璃/ 300- 500055 | D4: 製程站點/步驟：洗淨後品檢 | G4: 機台編號：JE-01、JE-02 | J4: Recipe/條件：AOI產品參數001/ TTVWafer12”-2L4P
A5: CTQ項目/量測特性：詳總結報告 | D5: 量測單位：品管課 | G5: 量測設備：AOI、TTV | J5: 量測頻率：全檢
A6: 規格 LSL：詳總結報告 | D6: 規格 USL：詳總結報告 | G6: 目標值(可選)：詳總結報告 | J6: 抽樣計畫(每次n)：全檢
A7: 管制圖類型：詳總結報告 | D7: 訂單編號：4516243668 | J7: 備註：
A8: 二、SPC設定與能力目標
A9: Cp≥ 1.67 | D9: Cpk ≥ 1.67
A10: 異常判定規則：■ 超出UCL/LCL ■ 連續趨勢 ■連續同側 □ 其他：______________
A11: B. 本次執行之 SPC 項目（勾選/填寫）
A12: ☑ AOI ☑ TTV ☑ Thickness
A13: 三、佐證附件
A14: ■ 管制圖（I-MR） ■ 原始量測資料 □ 異常處置/8D或CAPA □ 其他：__________
A15: 備註：本表單用於日常SPC紀錄與稽核佐證。建議每一CTQ項目建立一本表單（或一個檔案），並與最新版管制圖報告一併保存。
A16: SPC Summary
A17: 量測設備 | B17: Chart Type | C17: n | D17: LCL | E17: UCL | F17: Mean | G17: σ | H17: Cp | I17: Cpk | J17: 判定(OOC) | K17: OOS 超規 | L17: 備註
A18: AOI | B18: I–MR | C18: 600 | D18: 0 | E18: 150 | F18: 50.45 | G18: 14.298 | H18: =(E18-D18)/(6*$G$18) -> 1.7484963 | I18: =(E18-F18)/(3*$G$18) -> 2.3208374 | J18: □Y ■N | K18: □Y ■N
A19: Thickness | B19: I–MR | C19: 600 | D19: 695 | E19: 705 | F19: 701.264 | G19: 0.848 | H19: =(E19-D19)/(6*$G$19) -> 1.9654088 | I19: =MIN((F19-D19)/(3*$G$19),(E19-F19)/(3*$G$19)) -> 1.4685535 | J19: □Y ■N | K19: □Y ■N
A20: TTV | B20: I–MR | C20: 600 | D20: 0 | E20: 2 | F20: 0.327 | G20: 0.129 | H20: =(E20-D20)/(6*$G$20) -> 2.5839793 | I20: =(E20-F20)/(3*$G$20) -> 4.3229974 | J20: □Y ■N | K20: □Y ■N
A21: 填表人(品管課)： 日期： | E21: 審核人(工程部)： 日期： | I21: 核准(協理)： 日期：

Sheet Summary
A1: SPC Report Summary - 20260206_FOSB清單及數據
A3: Item | B3: Chart Type | C3: n | D3: LSL | E3: USL | F3: Mean | G3: σw(within) | H3: σ(overall) | I3: Capability / Notes
A4: AOI Particle | B4: u + Laney u′ | C4: 600 | D4: =Settings!B4 -> 0 | E4: =Settings!C4 -> 300 | F4: =AOI_u_Laney!F5 -> 23.186667 | G4: =AOI_u_Laney!F8 -> 9.2278502 | H4: =_xludf.STDEV.S(AOI_u_Laney!D11:D610) -> #NAME? | I4: ="CPU="&TEXT(AOI_u_Laney!F9,"0.000")&", PPU="&TEXT(AOI_u_Laney!F11,"0.000")&"; OOC(u)="&TEXT(AOI_u_Laney!I5,"0")&", OOC(u′)="&TEXT(AOI_u_Laney!I6,"0") -> CPU=9.999, PPU=23.187; OOC(u)=108, OOC(u′)=11
A5: Thickness | B5: I–MR | C5: 600 | D5: =Settings!B5 -> 695 | E5: =Settings!C5 -> 705 | F5: =Thickness_IMR!G7 -> 700.98336 | G5: =Thickness_IMR!G9 -> 0.95666832 | H5: =Thickness_IMR!G10 -> 1.2611189 | I5: ="Cp="&TEXT(Thickness_IMR!G11,"0.000")&", Cpk="&TEXT(Thickness_IMR!G12,"0.000")&", Pp="&TEXT(Thickness_IMR!G13,"0.000")&", Ppk="&TEXT(Thickness_IMR!G14,"0.000") -> Cp=1.742, Cpk=1.400, Pp=1.322, Ppk=1.062
A6: TTV | B6: I–MR | C6: 600 | D6: =Settings!B6 -> 0 | E6: =Settings!C6 -> 4 | F6: =TTV_IMR!G7 -> 0.36946333 | G6: =TTV_IMR!G9 -> 0.15102594 | H6: =TTV_IMR!G10 -> 0.21430322 | I6: ="Cp="&TEXT(TTV_IMR!G11,"0.000")&", Cpk="&TEXT(TTV_IMR!G12,"0.000")&", Pp="&TEXT(TTV_IMR!G13,"0.000")&", Ppk="&TEXT(TTV_IMR!G14,"0.000") -> Cp=2.207, Cpk=0.815, Pp=1.555, Ppk=0.575
A8: Notes: 1) AOI Particle 為計數型資料，u 圖預設 n_i=1；若每片檢測面積/視野數不同，請填入 n_i。 2) Laney u′ 用於 over-dispersion 修正；仍需依 OCAP 對 OOC 點進行處置與關閉。 3) Thickness/TTV 規格值可於 Settings 修改；能力與 OOS 統計會自動更新。

Sheet Settings
A1: SPC Report Settings
A3: Item | B3: LSL | C3: USL | D3: Notes
A4: AOI Particle (count) | B4: 0 | C4: 300 | D4: 計數型；建議單邊 USL，能力用 CPU/PPU。
A5: Thickness (um) | B5: 695 | C5: 705 | D5: 連續型逐點；採 I–MR。
A6: TTV (um) | B6: 0 | C6: 4 | D6: 連續型逐點；採 I–MR。

Sheet Raw_Data
A1: Sheet | B1: Block | C1: Slot | D1: Wafer ID | E1: Particle | F1: Thickness(um) | G1: TTV(um)
A2: 工作表1 | B2: 1 | C2: 25 | D2: NKAAE2B125C2 | E2: 9 | F2: 701.52 | G2: 0.722
A3: 工作表1 | B3: 1 | C3: 24 | D3: NKAAEEB7C5H2 | E3: 29 | F3: 703.134 | G3: 0.159
A4: 工作表1 | B4: 1 | C4: 23 | D4: NKAAEEB7BFB5 | E4: 29 | F4: 702.595 | G4: 0.066
A5: 工作表1 | B5: 1 | C5: 22 | D5: NKAAEEB67EB3 | E5: 21 | F5: 700.295 | G5: 0.361
A6: 工作表1 | B6: 1 | C6: 21 | D6: NKAAEEF83BF4 | E6: 38 | F6: 702.409 | G6: 0.279
A7: 工作表1 | B7: 1 | C7: 20 | D7: NKAAE427D0H2 | E7: 15 | F7: 703.728 | G7: 0.283
A8: 工作表1 | B8: 1 | C8: 19 | D8: NKAAE427D1G5 | E8: 15 | F8: 703.632 | G8: 0.299
A9: 工作表1 | B9: 1 | C9: 18 | D9: NKAAE519C8D0 | E9: 8 | F9: 702.161 | G9: 0.552
A10: 工作表1 | B10: 1 | C10: 17 | D10: NKAAE419E9A5 | E10: 18 | F10: 700.496 | G10: 0.408
A11: 工作表1 | B11: 1 | C11: 16 | D11: NKAAE518A1F6 | E11: 19 | F11: 699.456 | G11: 0.518
A12: 工作表1 | B12: 1 | C12: 15 | D12: NKAAE419EEA4 | E12: 14 | F12: 700.751 | G12: 0.495
A13: 工作表1 | B13: 1 | C13: 14 | D13: NKAAE419EFH2 | E13: 13 | F13: 700.695 | G13: 0.453
... A601: 工作表4 | B601: 6 | C601: 1 | D601: NKAAE11C3BE6 | E601: 18 | F601: 701.55 | G601: 0.44

Sheet AOI_u_Laney
A1: AOI Particle - u Chart + Laney u′ + One-sided Capability
A2: 【方法】計數型資料採 u 圖（預設 n_i=1，可修改）。Laney u′ 用於 over-dispersion 修正。能力以 USL 單邊 CPU/PPU。
A5: USL | B5: =Settings!C4 -> 300 | C5: LSL | D5: =Settings!B4 -> 0 | E5: ubar | F5: =SUM(B11:B610)/SUM(C11:C610) -> 23.186667 | H5: OOC(u) | I5: =COUNTIF(M11:M610,"Y") -> 108
E6: sigma_z | F6: =_xlfn.STDEV.S(H11:H610) -> 3.1196749 | H6: OOC(u′) | I6: =COUNTIF(N11:N610,"Y") -> 11
E7: MRbar(u) | F7: =AVERAGE(O12:O610) -> 10.409015 | H7: Conclusion u | I7: =IF(I5=0,"In Control","Out of Control") -> Out of Control
E8: σwithin(u) | F8: =F7/1.128 -> 9.2278502 | H8: Conclusion u′ | I8: =IF(I6=0,"In Control","Out of Control") -> Out of Control
E9: CPU | F9: =(B5-F5)/(3*F8) -> 9.9991991
A10: Sample | B10: c (Particle) | C10: n_i | D10: u | G10: LCL(u) | H10: z | I10: sigma_z | J10: UCL(u′) | K10: CL | L10: LCL(u′) | M10: OOC(u) | N10: OOC(u′) | O10: MR(u)
A11: 1 | B11: 9 | C11: 1 | D11: =IF(C11=0,"",B11/C11) -> 9 | E11: =IF(C11=0,"",$F$5+3*SQRT($F$5/C11)) -> 37.632427 | F11: =$F$5 -> 23.186667 | G11: =IF(C11=0,"",MAX(0,$F$5-3*SQRT($F$5/C11))) -> 8.740906 | H11: =IF(C11=0,"",(D11-$F$5)/SQRT($F$5/C11)) -> -2.9461931 | I11: =$F$6 -> 3.1196749 | J11: =IF(C11=0,"",$F$5+3*$F$6*SQRT($F$5/C11)) -> 68.252744 | K11: =$F$5 -> 23.186667 | L11: =IF(C11=0,"",MAX(0,$F$5-3*$F$6*SQRT($F$5/C11))) -> 0 | M11: =IF(OR(D11>E11,D11<G11),"Y","") | N11: =IF(OR(D11>J11,D11<L11),"Y","")
A12: 2 | B12: 29 | C12: 1 | D12: =IF(C12=0,"",B12/C12) -> 29 | E12: =IF(C12=0,"",$F$5+3*SQRT($F$5/C12)) -> 37.632427 | F12: =$F$5 -> 23.186667 | G12: =IF(C12=0,"",MAX(0,$F$5-3*SQRT($F$5/C12))) -> 8.740906 | H12: =IF(C12=0,"",(D12-$F$5)/SQRT($F$5/C12)) -> 1.2072746 | I12: =$F$6 -> 3.1196749 | J12: =IF(C12=0,"",$F$5+3*$F$6*SQRT($F$5/C12)) -> 68.252744 | K12: =$F$5 -> 23.186667 | L12: =IF(C12=0,"",MAX(0,$F$5-3*$F$6*SQRT($F$5/C12))) -> 0 | M12: =IF(OR(D12>E12,D12<G12),"Y","") | N12: =IF(OR(D12>J12,D12<L12),"Y","") | O12: =ABS(D12-D11) -> 20
A13: 3 | B13: 29 | C13: 1 | D13: =IF(C13=0,"",B13/C13) -> 29 | E13: =IF(C13=0,"",$F$5+3*SQRT($F$5/C13)) -> 37.632427 | F13: =$F$5 -> 23.186667 | G13: =IF(C13=0,"",MAX(0,$F$5-3*SQRT($F$5/C13))) -> 8.740906 | H13: =IF(C13=0,"",(D13-$F$5)/SQRT($F$5/C13)) -> 1.2072746 | I13: =$F$6 -> 3.1196749 | J13: =IF(C13=0,"",$F$5+3*$F$6*SQRT($F$5/C13)) -> 68.252744 | K13: =$F$5 -> 23.186667 | L13: =IF(C13=0,"",MAX(0,$F$5-3*$F$6*SQRT($F$5/C13))) -> 0 | M13: =IF(OR(D13>E13,D13<G13),"Y","") | N13: =IF(OR(D13>J13,D13<L13),"Y","") | O13: =ABS(D13-D12) -> 0
A14: 4 | B14: 21 | C14: 1 | D14: =IF(C14=0,"",B14/C14) -> 21 | E14: =IF(C14=0,"",$F$5+3*SQRT($F$5/C14)) -> 37.632427 | F14: =$F$5 -> 23.186667 | G14: =IF(C14=0,"",MAX(0,$F$5-3*SQRT($F$5/C14))) -> 8.740906 | H14: =IF(C14=0,"",(D14-$F$5)/SQRT($F$5/C14)) -> -0.45411247 | I14: =$F$6 -> 3.1196749 | J14: =IF(C14=0,"",$F$5+3*$F$6*SQRT($F$5/C14)) -> 68.252744 | K14: =$F$5 -> 23.186667 | L14: =IF(C14=0,"",MAX(0,$F$5-3*$F$6*SQRT($F$5/C14))) -> 0 | M14: =IF(OR(D14>E14,D14<G14),"Y","") | N14: =IF(OR(D14>J14,D14<L14),"Y","") | O14: =ABS(D14-D13) -> 8
A15: 5 | B15: 38 | C15: 1 | D15: =IF(C15=0,"",B15/C15) -> 38 | E15: =IF(C15=0,"",$F$5+3*SQRT($F$5/C15)) -> 37.632427 | F15: =$F$5 -> 23.186667 | G15: =IF(C15=0,"",MAX(0,$F$5-3*SQRT($F$5/C15))) -> 8.740906 | H15: =IF(C15=0,"",(D15-$F$5)/SQRT($F$5/C15)) -> 3.0763351 | I15: =$F$6 -> 3.1196749 | J15: =IF(C15=0,"",$F$5+3*$F$6*SQRT($F$5/C15)) -> 68.252744 | K15: =$F$5 -> 23.186667 | L15: =IF(C15=0,"",MAX(0,$F$5-3*$F$6*SQRT($F$5/C15))) -> 0 | M15: =IF(OR(D15>E15,D15<G15),"Y","") -> Y | N15: =IF(OR(D15>J15,D15<L15),"Y","") | O15: =ABS(D15-D14) -> 17
A16: 6 | B16: 15 | C16: 1 | D16: =IF(C16=0,"",B16/C16) -> 15 | E16: =IF(C16=0,"",$F$5+3*SQRT($F$5/C16)) -> 37.632427 | F16: =$F$5 -> 23.186667 | G16: =IF(C16=0,"",MAX(0,$F$5-3*SQRT($F$5/C16))) -> 8.740906 | H16: =IF(C16=0,"",(D16-$F$5)/SQRT($F$5/C16)) -> -1.7001528 | I16: =$F$6 -> 3.1196749 | J16: =IF(C16=0,"",$F$5+3*$F$6*SQRT($F$5/C16)) -> 68.252744 | K16: =$F$5 -> 23.186667 | L16: =IF(C16=0,"",MAX(0,$F$5-3*$F$6*SQRT($F$5/C16))) -> 0 | M16: =IF(OR(D16>E16,D16<G16),"Y","") | N16: =IF(OR(D16>J16,D16<L16),"Y","") | O16: =ABS(D16-D15) -> 23
A17: 7 | B17: 15 | C17: 1 | D17: =IF(C17=0,"",B17/C17) -> 15 | E17: =IF(C17=0,"",$F$5+3*SQRT($F$5/C17)) -> 37.632427 | F17: =$F$5 -> 23.186667 | G17: =IF(C17=0,"",MAX(0,$F$5-3*SQRT($F$5/C17))) -> 8.740906 | H17: =IF(C17=0,"",(D17-$F$5)/SQRT($F$5/C17)) -> -1.7001528 | I17: =$F$6 -> 3.1196749 | J17: =IF(C17=0,"",$F$5+3*$F$6*SQRT($F$5/C17)) -> 68.252744 | K17: =$F$5 -> 23.186667 | L17: =IF(C17=0,"",MAX(0,$F$5-3*$F$6*SQRT($F$5/C17))) -> 0 | M17: =IF(OR(D17>E17,D17<G17),"Y","") | N17: =IF(OR(D17>J17,D17<L17),"Y","") | O17: =ABS(D17-D16) -> 0
A18: 8 | B18: 8 | C18: 1 | D18: =IF(C18=0,"",B18/C18) -> 8 | E18: =IF(C18=0,"",$F$5+3*SQRT($F$5/C18)) -> 37.632427 | F18: =$F$5 -> 23.186667 | G18: =IF(C18=0,"",MAX(0,$F$5-3*SQRT($F$5/C18))) -> 8.740906 | H18: =IF(C18=0,"",(D18-$F$5)/SQRT($F$5/C18)) -> -3.1538665 | I18: =$F$6 -> 3.1196749 | J18: =IF(C18=0,"",$F$5+3*$F$6*SQRT($F$5/C18)) -> 68.252744 | K18: =$F$5 -> 23.186667 | L18: =IF(C18=0,"",MAX(0,$F$5-3*$F$6*SQRT($F$5/C18))) -> 0 | M18: =IF(OR(D18>E18,D18<G18),"Y","") -> Y | N18: =IF(OR(D18>J18,D18<L18),"Y","") | O18: =ABS(D18-D17) -> 7
A19: 9 | B19: 18 | C19: 1 | D19: =IF(C19=0,"",B19/C19) -> 18 | E19: =IF(C19=0,"",$F$5+3*SQRT($F$5/C19)) -> 37.632427 | F19: =$F$5 -> 23.186667 | G19: =IF(C19=0,"",MAX(0,$F$5-3*SQRT($F$5/C19))) -> 8.740906 | H19: =IF(C19=0,"",(D19-$F$5)/SQRT($F$5/C19)) -> -1.0771326 | I19: =$F$6 -> 3.1196749 | J19: =IF(C19=0,"",$F$5+3*$F$6*SQRT($F$5/C19)) -> 68.252744 | K19: =$F$5 -> 23.186667 | L19: =IF(C19=0,"",MAX(0,$F$5-3*$F$6*SQRT($F$5/C19))) -> 0 | M19: =IF(OR(D19>E19,D19<G19),"Y","") | N19: =IF(OR(D19>J19,D19<L19),"Y","") | O19: =ABS(D19-D18) -> 10
A20: 10 | B20: 19 | C20: 1 | D20: =IF(C20=0,"",B20/C20) -> 19 | E20: =IF(C20=0,"",$F$5+3*SQRT($F$5/C20)) -> 37.632427 | F20: =$F$5 -> 23.186667 | G20: =IF(C20=0,"",MAX(0,$F$5-3*SQRT($F$5/C20))) -> 8.740906 | H20: =IF(C20=0,"",(D20-$F$5)/SQRT($F$5/C20)) -> -0.86945924 | I20: =$F$6 -> 3.1196749 | J20: =IF(C20=0,"",$F$5+3*$F$6*SQRT($F$5/C20)) -> 68.252744 | K20: =$F$5 -> 23.186667 | L20: =IF(C20=0,"",MAX(0,$F$5-3*$F$6*SQRT($F$5/C20))) -> 0 | M20: =IF(OR(D20>E20,D20<G20),"Y","") | N20: =IF(OR(D20>J20,D20<L20),"Y","") | O20: =ABS(D20-D19) -> 1
A21: 11 | B21: 14 | C21: 1 | D21: =IF(C21=0,"",B21/C21) -> 14 | E21: =IF(C21=0,"",$F$5+3*SQRT($F$5/C21)) -> 37.632427 | F21: =$F$5 -> 23.186667 | G21: =IF(C21=0,"",MAX(0,$F$5-3*SQRT($F$5/C21))) -> 8.740906 | H21: =IF(C21=0,"",(D21-$F$5)/SQRT($F$5/C21)) -> -1.9078262 | I21: =$F$6 -> 3.1196749 | J21: =IF(C21=0,"",$F$5+3*$F$6*SQRT($F$5/C21)) -> 68.252744 | K21: =$F$5 -> 23.186667 | L21: =IF(C21=0,"",MAX(0,$F$5-3*$F$6*SQRT($F$5/C21))) -> 0 | M21: =IF(OR(D21>E21,D21<G21),"Y","") | N21: =IF(OR(D21>J21,D21<L21),"Y","") | O21: =ABS(D21-D20) -> 5
A22: 12 | B22: 13 | C22: 1 | D22: =IF(C22=0,"",B22/C22) -> 13 | E22: =IF(C22=0,"",$F$5+3*SQRT($F$5/C22)) -> 37.632427 | F22: =$F$5 -> 23.186667 | G22: =IF(C22=0,"",MAX(0,$F$5-3*SQRT($F$5/C22))) -> 8.740906 | H22: =IF(C22=0,"",(D22-$F$5)/SQRT($F$5/C22)) -> -2.1154995 | I22: =$F$6 -> 3.1196749 | J22: =IF(C22=0,"",$F$5+3*$F$6*SQRT($F$5/C22)) -> 68.252744 | K22: =$F$5 -> 23.186667 | L22: =IF(C22=0,"",MAX(0,$F$5-3*$F$6*SQRT($F$5/C22))) -> 0 | M22: =IF(OR(D22>E22,D22<G22),"Y","") | N22: =IF(OR(D22>J22,D22<L22),"Y","") | O22: =ABS(D22-D21) -> 1
A23: 13 | B23: 8 | C23: 1 | D23: =IF(C23=0,"",B23/C23) -> 8 | E23: =IF(C23=0,"",$F$5+3*SQRT($F$5/C23)) -> 37.632427 | F23: =$F$5 -> 23.186667 | G23: =IF(C23=0,"",MAX(0,$F$5-3*SQRT($F$5/C23))) -> 8.740906 | H23: =IF(C23=0,"",(D23-$F$5)/SQRT($F$5/C23)) -> -3.1538665 | I23: =$F$6 -> 3.1196749 | J23: =IF(C23=0,"",$F$5+3*$F$6*SQRT($F$5/C23)) -> 68.252744 | K23: =$F$5 -> 23.186667 | L23: =IF(C23=0,"",MAX(0,$F$5-3*$F$6*SQRT($F$5/C23))) -> 0 | M23: =IF(OR(D23>E23,D23<G23),"Y","") -> Y | N23: =IF(OR(D23>J23,D23<L23),"Y","") | O23: =ABS(D23-D22) -> 5
... A610: 600 | B610: 18 | C610: 1 | D610: =IF(C610=0,"",B610/C610) -> 18 | E610: =IF(C610=0,"",$F$5+3*SQRT($F$5/C610)) -> 37.632427 | F610: =$F$5 -> 23.186667 | G610: =IF(C610=0,"",MAX(0,$F$5-3*SQRT($F$5/C610))) -> 8.740906 | H610: =IF(C610=0,"",(D610-$F$5)/SQRT($F$5/C610)) -> -1.0771326 | I610: =$F$6 -> 3.1196749 | J610: =IF(C610=0,"",$F$5+3*$F$6*SQRT($F$5/C610)) -> 68.252744 | K610: =$F$5 -> 23.186667 | L610: =IF(C610=0,"",MAX(0,$F$5-3*$F$6*SQRT($F$5/C610))) -> 0 | M610: =IF(OR(D610>E610,D610<G610),"Y","") | N610: =IF(OR(D610>J610,D610<L610),"Y","") | O610: =ABS(D610-D609) -> 15

Sheet Thickness_IMR
A1: Thickness_IMR - I–MR Control Charts + Capability
A2: 【方法】逐點資料採 I–MR。σw(within)=MR̄/d2(d2=1.128)；σ(overall)=STDEV.S。能力：雙邊用 Cp/Cpk、Pp/Ppk。
A5: LSL | B5: =Settings!B5 -> 695 | C5: USL | D5: =Settings!C5 -> 705 | F5: Summary | I5: Limits
F6: n | G6: =COUNT(B13:B100000) -> 600 | I6: I UCL | J6: =G13 -> 1.3215778
F7: Mean (μ) | G7: =AVERAGE(B13:B100000) -> 700.98336 | I7: I CL | J7: =G14 -> 1.0616604
F8: MR̄ | G8: =AVERAGE(C14:C100000) -> 1.0791219 | I8: I LCL | J8: =G15 -> 0
F9: σw(within) | G9: =G8/1.128 -> 0.95666832 | I9: MR UCL | J9: =G16 -> 3.5254911
F10: σ(overall) | G10: =_xlfn.STDEV.S(B13:B100000) -> 1.2611189 | I10: MR CL | J10: =G17 -> 1.0791219
F11: Cp | G11: =($D$5-$B$5)/(6*G9) -> 1.7421573 | I11: MR LCL | J11: =G18 -> 0
A12: Sample | B12: Thickness(um) | C12: MR | D12: I UCL | E12: I CL | F12: Cpk | G12: =MIN(($D$5-G7)/(3*G9),(G7-$B$5)/(3*G9)) -> 1.3995237 | H12: MR CL | I12: MR LCL | J12: OOC(I) | K12: OOC(MR) | L12: OOS(spec)
A13: 1 | B13: 701.52 | D13: =$G$13 -> 1.3215778 | E13: =$G$14 -> 1.0616604 | F13: Pp | G13: =($D$5-$B$5)/(6*G10) -> 1.3215778 | H13: =$G$17 -> 1.0791219 | I13: =$G$18 -> 0 | J13: =IF(OR(B13>D13,B13<F13),"Y","") -> Y | K13: =IF(AND(C13<>"",C13>G13),"Y","") | L13: =IF(OR(B13<$B$5,B13>$D$5),"Y","")
A14: 2 | B14: 703.134 | C14: =ABS(B14-B13) -> 1.614 | D14: =$G$13 -> 1.3215778 | E14: =$G$14 -> 1.0616604 | F14: Ppk | G14: =MIN(($D$5-G7)/(3*G10),(G7-$B$5)/(3*G10)) -> 1.0616604 | H14: =$G$17 -> 1.0791219 | I14: =$G$18 -> 0 | J14: =IF(OR(B14>D14,B14<F14),"Y","") -> Y | K14: =IF(AND(C14<>"",C14>G14),"Y","") -> Y | L14: =IF(OR(B14<$B$5,B14>$D$5),"Y","")
A15: 3 | B15: 702.595 | C15: =ABS(B15-B14) -> 0.539 | D15: =$G$13 -> 1.3215778 | E15: =$G$14 -> 1.0616604 | F15: OOS count | G15: =COUNTIF(L13:L100000,"Y") -> 0 | H15: =$G$17 -> 1.0791219 | I15: =$G$18 -> 0 | J15: =IF(OR(B15>D15,B15<F15),"Y","") -> Y | K15: =IF(AND(C15<>"",C15>G15),"Y","") -> Y | L15: =IF(OR(B15<$B$5,B15>$D$5),"Y","")
A16: 4 | B16: 700.295 | C16: =ABS(B16-B15) -> 2.3 | D16: =$G$13 -> 1.3215778 | E16: =$G$14 -> 1.0616604 | F16: =$G$15 -> 0 | G16: =3.267*G8 -> 3.5254911 | H16: =$G$17 -> 1.0791219 | I16: =$G$18 -> 0 | J16: =IF(OR(B16>D16,B16<F16),"Y","") -> Y | K16: =IF(AND(C16<>"",C16>G16),"Y","") | L16: =IF(OR(B16<$B$5,B16>$D$5),"Y","")
A17: 5 | B17: 702.409 | C17: =ABS(B17-B16) -> 2.114 | D17: =$G$13 -> 1.3215778 | E17: =$G$14 -> 1.0616604 | F17: =$G$15 -> 0 | G17: =G8 -> 1.0791219 | H17: =$G$17 -> 1.0791219 | I17: =$G$18 -> 0 | J17: =IF(OR(B17>D17,B17<F17),"Y","") -> Y | K17: =IF(AND(C17<>"",C17>G17),"Y","") -> Y | L17: =IF(OR(B17<$B$5,B17>$D$5),"Y","")
A18: 6 | B18: 703.728 | C18: =ABS(B18-B17) -> 1.319 | D18: =$G$13 -> 1.3215778 | E18: =$G$14 -> 1.0616604 | F18: =$G$15 -> 0 | G18: =0 -> 0 | H18: =$G$17 -> 1.0791219 | I18: =$G$18 -> 0 | J18: =IF(OR(B18>D18,B18<F18),"Y","") -> Y | K18: =IF(AND(C18<>"",C18>G18),"Y","") -> Y | L18: =IF(OR(B18<$B$5,B18>$D$5),"Y","")
A19: 7 | B19: 703.632 | C19: =ABS(B19-B18) -> 0.096 | D19: =$G$13 -> 1.3215778 | E19: =$G$14 -> 1.0616604 | F19: =$G$15 -> 0 | G19: =$G$16 -> 3.5254911 | H19: =$G$17 -> 1.0791219 | I19: =$G$18 -> 0 | J19: =IF(OR(B19>D19,B19<F19),"Y","") -> Y | K19: =IF(AND(C19<>"",C19>G19),"Y","") | L19: =IF(OR(B19<$B$5,B19>$D$5),"Y","")
A20: 8 | B20: 702.161 | C20: =ABS(B20-B19) -> 1.471 | D20: =$G$13 -> 1.3215778 | E20: =$G$14 -> 1.0616604 | F20: =$G$15 -> 0 | G20: =$G$16 -> 3.5254911 | H20: =$G$17 -> 1.0791219 | I20: =$G$18 -> 0 | J20: =IF(OR(B20>D20,B20<F20),"Y","") -> Y | K20: =IF(AND(C20<>"",C20>G20),"Y","") | L20: =IF(OR(B20<$B$5,B20>$D$5),"Y","")
A21: 9 | B21: 700.496 | C21: =ABS(B21-B20) -> 1.665 | D21: =$G$13 -> 1.3215778 | E21: =$G$14 -> 1.0616604 | F21: =$G$15 -> 0 | G21: =$G$16 -> 3.5254911 | H21: =$G$17 -> 1.0791219 | I21: =$G$18 -> 0 | J21: =IF(OR(B21>D21,B21<F21),"Y","") -> Y | K21: =IF(AND(C21<>"",C21>G21),"Y","") | L21: =IF(OR(B21<$B$5,B21>$D$5),"Y","")
A22: 10 | B22: 699.456 | C22: =ABS(B22-B21) -> 1.04 | D22: =$G$13 -> 1.3215778 | E22: =$G$14 -> 1.0616604 | F22: =$G$15 -> 0 | G22: =$G$16 -> 3.5254911 | H22: =$G$17 -> 1.0791219 | I22: =$G$18 -> 0 | J22: =IF(OR(B22>D22,B22<F22),"Y","") -> Y | K22: =IF(AND(C22<>"",C22>G22),"Y","") | L22: =IF(OR(B22<$B$5,B22>$D$5),"Y","")
A23: 11 | B23: 700.751 | C23: =ABS(B23-B22) -> 1.295 | D23: =$G$13 -> 1.3215778 | E23: =$G$14 -> 1.0616604 | F23: =$G$15 -> 0 | G23: =$G$16 -> 3.5254911 | H23: =$G$17 -> 1.0791219 | I23: =$G$18 -> 0 | J23: =IF(OR(B23>D23,B23<F23),"Y","") -> Y | K23: =IF(AND(C23<>"",C23>G23),"Y","") | L23: =IF(OR(B23<$B$5,B23>$D$5),"Y","")
A24: 12 | B24: 700.695 | C24: =ABS(B24-B23) -> 0.056 | D24: =$G$13 -> 1.3215778 | E24: =$G$14 -> 1.0616604 | F24: =$G$15 -> 0 | G24: =$G$16 -> 3.5254911 | H24: =$G$17 -> 1.0791219 | I24: =$G$18 -> 0 | J24: =IF(OR(B24>D24,B24<F24),"Y","") -> Y | K24: =IF(AND(C24<>"",C24>G24),"Y","") | L24: =IF(OR(B24<$B$5,B24>$D$5),"Y","")
A25: 13 | B25: 703.569 | C25: =ABS(B25-B24) -> 2.874 | D25: =$G$13 -> 1.3215778 | E25: =$G$14 -> 1.0616604 | F25: =$G$15 -> 0 | G25: =$G$16 -> 3.5254911 | H25: =$G$17 -> 1.0791219 | I25: =$G$18 -> 0 | J25: =IF(OR(B25>D25,B25<F25),"Y","") -> Y | K25: =IF(AND(C25<>"",C25>G25),"Y","") | L25: =IF(OR(B25<$B$5,B25>$D$5),"Y","")
A26: 14 | B26: 702.754 | C26: =ABS(B26-B25) -> 0.815 | D26: =$G$13 -> 1.3215778 | E26: =$G$14 -> 1.0616604 | F26: =$G$15 -> 0 | G26: =$G$16 -> 3.5254911 | H26: =$G$17 -> 1.0791219 | I26: =$G$18 -> 0 | J26: =IF(OR(B26>D26,B26<F26),"Y","") -> Y | K26: =IF(AND(C26<>"",C26>G26),"Y","") | L26: =IF(OR(B26<$B$5,B26>$D$5),"Y","")
A27: 15 | B27: 702.568 | C27: =ABS(B27-B26) -> 0.186 | D27: =$G$13 -> 1.3215778 | E27: =$G$14 -> 1.0616604 | F27: =$G$15 -> 0 | G27: =$G$16 -> 3.5254911 | H27: =$G$17 -> 1.0791219 | I27: =$G$18 -> 0 | J27: =IF(OR(B27>D27,B27<F27),"Y","") -> Y | K27: =IF(AND(C27<>"",C27>G27),"Y","") | L27: =IF(OR(B27<$B$5,B27>$D$5),"Y","")
A28: 16 | B28: 701.328 | C28: =ABS(B28-B27) -> 1.24 | D28: =$G$13 -> 1.3215778 | E28: =$G$14 -> 1.0616604 | F28: =$G$15 -> 0 | G28: =$G$16 -> 3.5254911 | H28: =$G$17 -> 1.0791219 | I28: =$G$18 -> 0 | J28: =IF(OR(B28>D28,B28<F28),"Y","") -> Y | K28: =IF(AND(C28<>"",C28>G28),"Y","") | L28: =IF(OR(B28<$B$5,B28>$D$5),"Y","")
A29: 17 | B29: 702.097 | C29: =ABS(B29-B28) -> 0.769 | D29: =$G$13 -> 1.3215778 | E29: =$G$14 -> 1.0616604 | F29: =$G$15 -> 0 | G29: =$G$16 -> 3.5254911 | H29: =$G$17 -> 1.0791219 | I29: =$G$18 -> 0 | J29: =IF(OR(B29>D29,B29<F29),"Y","") -> Y | K29: =IF(AND(C29<>"",C29>G29),"Y","") | L29: =IF(OR(B29<$B$5,B29>$D$5),"Y","")
A30: 18 | B30: 702.352 | C30: =ABS(B30-B29) -> 0.255 | D30: =$G$13 -> 1.3215778 | E30: =$G$14 -> 1.0616604 | F30: =$G$15 -> 0 | G30: =$G$16 -> 3.5254911 | H30: =$G$17 -> 1.0791219 | I30: =$G$18 -> 0 | J30: =IF(OR(B30>D30,B30<F30),"Y","") -> Y | K30: =IF(AND(C30<>"",C30>G30),"Y","") | L30: =IF(OR(B30<$B$5,B30>$D$5),"Y","")
... A612: 600 | B612: 701.55 | C612: =ABS(B612-B611) -> 0.236 | D612: =$G$13 -> 1.3215778 | E612: =$G$14 -> 1.0616604 | F612: =$G$15 -> 0 | G612: =$G$16 -> 3.5254911 | H612: =$G$17 -> 1.0791219 | I612: =$G$18 -> 0 | J612: =IF(OR(B612>D612,B612<F612),"Y","") -> Y | K612: =IF(AND(C612<>"",C612>G612),"Y","") | L612: =IF(OR(B612<$B$5,B612>$D$5),"Y","")

Sheet TTV_IMR
A1: TTV_IMR - I–MR Control Charts + Capability
A2: 【方法】逐點資料採 I–MR。σw(within)=MR̄/d2(d2=1.128)；σ(overall)=STDEV.S。能力：雙邊用 Cp/Cpk、Pp/Ppk。
A5: LSL | B5: =Settings!B6 -> 0 | C5: USL | D5: 2 | F5: Summary | I5: Limits
F6: n | G6: =COUNT(B13:B100000) -> 600 | I6: I UCL | J6: =G13 -> 1.5554285
F7: Mean (μ) | G7: =AVERAGE(B13:B100000) -> 0.36946333 | I7: I CL | J7: =G14 -> 0.57467378
F8: MR̄ | G8: =AVERAGE(C14:C100000) -> 0.17035726 | I8: I LCL | J8: =G15 -> 0
F9: σw(within) | G9: =G8/1.128 -> 0.15102594 | I9: MR UCL | J9: =G16 -> 0.55655718
F10: σ(overall) | G10: =_xlfn.STDEV.S(B13:B100000) -> 0.21430322 | I10: MR CL | J10: =G17 -> 0.17035726
F11: Cp | G11: =($D$5-$B$5)/(6*G9) -> 2.2071263 | I11: MR LCL | J11: =G18 -> 0
A12: Sample | B12: TTV(um) | C12: MR | D12: I UCL | E12: I CL | F12: Cpk | G12: =MIN(($D$5-G7)/(3*G9),(G7-$B$5)/(3*G9)) -> 0.81545225 | H12: MR CL | I12: MR LCL | J12: OOC(I) | K12: OOC(MR) | L12: OOS(spec)
A13: 1 | B13: 0.722 | D13: =$G$13 -> 1.5554285 | E13: =$G$14 -> 0.57467378 | F13: Pp | G13: =($D$5-$B$5)/(6*G10) -> 1.5554285 | H13: =$G$17 -> 0.17035726 | I13: =$G$18 -> 0 | J13: =IF(OR(B13>D13,B13<F13),"Y","") -> Y | K13: =IF(AND(C13<>"",C13>G13),"Y","") | L13: =IF(OR(B13<$B$5,B13>$D$5),"Y","")
A14: 2 | B14: 0.159 | C14: =ABS(B14-B13) -> 0.563 | D14: =$G$13 -> 1.5554285 | E14: =$G$14 -> 0.57467378 | F14: Ppk | G14: =MIN(($D$5-G7)/(3*G10),(G7-$B$5)/(3*G10)) -> 0.57467378 | H14: =$G$17 -> 0.17035726 | I14: =$G$18 -> 0 | J14: =IF(OR(B14>D14,B14<F14),"Y","") -> Y | K14: =IF(AND(C14<>"",C14>G14),"Y","") | L14: =IF(OR(B14<$B$5,B14>$D$5),"Y","")
A15: 3 | B15: 0.066 | C15: =ABS(B15-B14) -> 0.093 | D15: =$G$13 -> 1.5554285 | E15: =$G$14 -> 0.57467378 | F15: OOS count | G15: =COUNTIF(L13:L100000,"Y") -> 0 | H15: =$G$17 -> 0.17035726 | I15: =$G$18 -> 0 | J15: =IF(OR(B15>D15,B15<F15),"Y","") -> Y | K15: =IF(AND(C15<>"",C15>G15),"Y","") -> Y | L15: =IF(OR(B15<$B$5,B15>$D$5),"Y","")
A16: 4 | B16: 0.361 | C16: =ABS(B16-B15) -> 0.295 | D16: =$G$13 -> 1.5554285 | E16: =$G$14 -> 0.57467378 | F16: =$G$15 -> 0 | G16: =3.267*G8 -> 0.55655718 | H16: =$G$17 -> 0.17035726 | I16: =$G$18 -> 0 | J16: =IF(OR(B16>D16,B16<F16),"Y","") | K16: =IF(AND(C16<>"",C16>G16),"Y","") | L16: =IF(OR(B16<$B$5,B16>$D$5),"Y","")
A17: 5 | B17: 0.279 | C17: =ABS(B17-B16) -> 0.082 | D17: =$G$13 -> 1.5554285 | E17: =$G$14 -> 0.57467378 | F17: =$G$15 -> 0 | G17: =G8 -> 0.17035726 | H17: =$G$17 -> 0.17035726 | I17: =$G$18 -> 0 | J17: =IF(OR(B17>D17,B17<F17),"Y","") | K17: =IF(AND(C17<>"",C17>G17),"Y","") | L17: =IF(OR(B17<$B$5,B17>$D$5),"Y","")
A18: 6 | B18: 0.283 | C18: =ABS(B18-B17) -> 0.004 | D18: =$G$13 -> 1.5554285 | E18: =$G$14 -> 0.57467378 | F18: =$G$15 -> 0 | G18: =0 -> 0 | H18: =$G$17 -> 0.17035726 | I18: =$G$18 -> 0 | J18: =IF(OR(B18>D18,B18<F18),"Y","") | K18: =IF(AND(C18<>"",C18>G18),"Y","") -> Y | L18: =IF(OR(B18<$B$5,B18>$D$5),"Y","")
A19: 7 | B19: 0.299 | C19: =ABS(B19-B18) -> 0.016 | D19: =$G$13 -> 1.5554285 | E19: =$G$14 -> 0.57467378 | F19: =$G$15 -> 0 | G19: =$G$16 -> 0.55655718 | H19: =$G$17 -> 0.17035726 | I19: =$G$18 -> 0 | J19: =IF(OR(B19>D19,B19<F19),"Y","") | K19: =IF(AND(C19<>"",C19>G19),"Y","") | L19: =IF(OR(B19<$B$5,B19>$D$5),"Y","")
A20: 8 | B20: 0.552 | C20: =ABS(B20-B19) -> 0.253 | D20: =$G$13 -> 1.5554285 | E20: =$G$14 -> 0.57467378 | F20: =$G$15 -> 0 | G20: =$G$16 -> 0.55655718 | H20: =$G$17 -> 0.17035726 | I20: =$G$18 -> 0 | J20: =IF(OR(B20>D20,B20<F20),"Y","") | K20: =IF(AND(C20<>"",C20>G20),"Y","") | L20: =IF(OR(B20<$B$5,B20>$D$5),"Y","")
A21: 9 | B21: 0.408 | C21: =ABS(B21-B20) -> 0.144 | D21: =$G$13 -> 1.5554285 | E21: =$G$14 -> 0.57467378 | F21: =$G$15 -> 0 | G21: =$G$16 -> 0.55655718 | H21: =$G$17 -> 0.17035726 | I21: =$G$18 -> 0 | J21: =IF(OR(B21>D21,B21<F21),"Y","") | K21: =IF(AND(C21<>"",C21>G21),"Y","") | L21: =IF(OR(B21<$B$5,B21>$D$5),"Y","")
A22: 10 | B22: 0.518 | C22: =ABS(B22-B21) -> 0.11 | D22: =$G$13 -> 1.5554285 | E22: =$G$14 -> 0.57467378 | F22: =$G$15 -> 0 | G22: =$G$16 -> 0.55655718 | H22: =$G$17 -> 0.17035726 | I22: =$G$18 -> 0 | J22: =IF(OR(B22>D22,B22<F22),"Y","") | K22: =IF(AND(C22<>"",C22>G22),"Y","") | L22: =IF(OR(B22<$B$5,B22>$D$5),"Y","")
A23: 11 | B23: 0.495 | C23: =ABS(B23-B22) -> 0.023 | D23: =$G$13 -> 1.5554285 | E23: =$G$14 -> 0.57467378 | F23: =$G$15 -> 0 | G23: =$G$16 -> 0.55655718 | H23: =$G$17 -> 0.17035726 | I23: =$G$18 -> 0 | J23: =IF(OR(B23>D23,B23<F23),"Y","") | K23: =IF(AND(C23<>"",C23>G23),"Y","") | L23: =IF(OR(B23<$B$5,B23>$D$5),"Y","")
A24: 12 | B24: 0.453 | C24: =ABS(B24-B23) -> 0.042 | D24: =$G$13 -> 1.5554285 | E24: =$G$14 -> 0.57467378 | F24: =$G$15 -> 0 | G24: =$G$16 -> 0.55655718 | H24: =$G$17 -> 0.17035726 | I24: =$G$18 -> 0 | J24: =IF(OR(B24>D24,B24<F24),"Y","") | K24: =IF(AND(C24<>"",C24>G24),"Y","") | L24: =IF(OR(B24<$B$5,B24>$D$5),"Y","")
A25: 13 | B25: 0.33 | C25: =ABS(B25-B24) -> 0.123 | D25: =$G$13 -> 1.5554285 | E25: =$G$14 -> 0.57467378 | F25: =$G$15 -> 0 | G25: =$G$16 -> 0.55655718 | H25: =$G$17 -> 0.17035726 | I25: =$G$18 -> 0 | J25: =IF(OR(B25>D25,B25<F25),"Y","") | K25: =IF(AND(C25<>"",C25>G25),"Y","") | L25: =IF(OR(B25<$B$5,B25>$D$5),"Y","")
A26: 14 | B26: 0.519 | C26: =ABS(B26-B25) -> 0.189 | D26: =$G$13 -> 1.5554285 | E26: =$G$14 -> 0.57467378 | F26: =$G$15 -> 0 | G26: =$G$16 -> 0.55655718 | H26: =$G$17 -> 0.17035726 | I26: =$G$18 -> 0 | J26: =IF(OR(B26>D26,B26<F26),"Y","") | K26: =IF(AND(C26<>"",C26>G26),"Y","") | L26: =IF(OR(B26<$B$5,B26>$D$5),"Y","")
A27: 15 | B27: 0.341 | C27: =ABS(B27-B26) -> 0.178 | D27: =$G$13 -> 1.5554285 | E27: =$G$14 -> 0.57467378 | F27: =$G$15 -> 0 | G27: =$G$16 -> 0.55655718 | H27: =$G$17 -> 0.17035726 | I27: =$G$18 -> 0 | J27: =IF(OR(B27>D27,B27<F27),"Y","") | K27: =IF(AND(C27<>"",C27>G27),"Y","") | L27: =IF(OR(B27<$B$5,B27>$D$5),"Y","")
A28: 16 | B28: 0.996 | C28: =ABS(B28-B27) -> 0.655 | D28: =$G$13 -> 1.5554285 | E28: =$G$14 -> 0.57467378 | F28: =$G$15 -> 0 | G28: =$G$16 -> 0.55655718 | H28: =$G$17 -> 0.17035726 | I28: =$G$18 -> 0 | J28: =IF(OR(B28>D28,B28<F28),"Y","") | K28: =IF(AND(C28<>"",C28>G28),"Y","") -> Y | L28: =IF(OR(B28<$B$5,B28>$D$5),"Y","")
A29: 17 | B29: 0.252 | C29: =ABS(B29-B28) -> 0.744 | D29: =$G$13 -> 1.5554285 | E29: =$G$14 -> 0.57467378 | F29: =$G$15 -> 0 | G29: =$G$16 -> 0.55655718 | H29: =$G$17 -> 0.17035726 | I29: =$G$18 -> 0 | J29: =IF(OR(B29>D29,B29<F29),"Y","") | K29: =IF(AND(C29<>"",C29>G29),"Y","") -> Y | L29: =IF(OR(B29<$B$5,B29>$D$5),"Y","")
A30: 18 | B30: 0.13 | C30: =ABS(B30-B29) -> 0.122 | D30: =$G$13 -> 1.5554285 | E30: =$G$14 -> 0.57467378 | F30: =$G$15 -> 0 | G30: =$G$16 -> 0.55655718 | H30: =$G$17 -> 0.17035726 | I30: =$G$18 -> 0 | J30: =IF(OR(B30>D30,B30<F30),"Y","") | K30: =IF(AND(C30<>"",C30>G30),"Y","") | L30: =IF(OR(B30<$B$5,B30>$D$5),"Y","")
... A612: 600 | B612: 0.44 | C612: =ABS(B612-B611) -> 0.217 | D612: =$G$13 -> 1.5554285 | E612: =$G$14 -> 0.57467378 | F612: =$G$15 -> 0 | G612: =$G$16 -> 0.55655718 | H612: =$G$17 -> 0.17035726 | I612: =$G$18 -> 0 | J612: =IF(OR(B612>D612,B612<F612),"Y","") | K612: =IF(AND(C612<>"",C612>G612),"Y","") | L612: =IF(OR(B612<$B$5,B612>$D$5),"Y","")
